Designator,Mid X,Mid Y,Layer,Rotation
C2,17.0550mm,-11.0050mm,Top,90
C3,4.6550mm,-19.7550mm,Top,0
C4,16.4050mm,-19.7550mm,Top,0
C5,12.6550mm,-19.7550mm,Top,0
C6,9.6550mm,-19.0050mm,Top,90
C7,13.1500mm,-35.4000mm,Top,90
C8,16.8500mm,-35.4000mm,Top,270
C10,8.4050mm,-39.7550mm,Top,0
C11,4.6550mm,-39.7550mm,Top,0
C13,8.4050mm,-12.5050mm,Top,0
C14,16.9000mm,-20.7000mm,Bottom,270
C15,5.9250mm,-23.5550mm,Bottom,180
C16,11.7000mm,-20.5000mm,Bottom,90
D1,10.2000mm,-9.7500mm,Bottom,180
D2,7.5250mm,-27.0750mm,Bottom,180
D3,6.3750mm,-35.9250mm,Bottom,180
D6,10.5000mm,-59.8000mm,Bottom,180
F1,5.3000mm,-9.7500mm,Bottom,0
J1,10.5000mm,-0.0000mm,Top,0
J2,10.5000mm,-51.6000mm,Top,0
J3,15.0000mm,-50.0000mm,Bottom,90
L1,7.2000mm,-18.5000mm,Bottom,270
Q1,5.9550mm,-32.2250mm,Bottom,180
Q2,16.2000mm,-11.4000mm,Bottom,90
R1,4.6550mm,-10.2550mm,Top,0
R2,4.6550mm,-12.5050mm,Top,0
R3,8.4050mm,-10.2550mm,Top,0
R4,12.1550mm,-10.2550mm,Top,0
R6,16.4050mm,-17.5050mm,Top,0
R7,12.6550mm,-17.5050mm,Top,0
R8,8.4050mm,-32.2550mm,Top,0
R10,12.1550mm,-39.7550mm,Top,0
R11,15.9050mm,-39.7550mm,Top,0
R12,10.1550mm,-37.5050mm,Top,0
R13,7.1550mm,-36.7550mm,Top,90
R14,10.1550mm,-35.2550mm,Top,0
R15,4.6550mm,-32.2550mm,Top,0
U2,10.5000mm,-26.0000mm,Top,90
U3,1.6100mm,-57.6300mm,Bottom,0
U4,12.9000mm,-16.5000mm,Bottom,180
Y1,15.0000mm,-37.4400mm,Bottom,90
