"Designator","Comment","Footprint","Qty"
"C2","100nF/50V","Capacitor_SMD:C_0603_1608Metric","1"
"C3","100nF","Capacitor_SMD:C_0603_1608Metric","1"
"C4","100nF","Capacitor_SMD:C_0603_1608Metric","1"
"C5","100nF","Capacitor_SMD:C_0603_1608Metric","1"
"C6","10uF","Capacitor_SMD:C_0603_1608Metric","1"
"C7","22pF","Capacitor_SMD:C_0603_1608Metric","1"
"C8","22pF","Capacitor_SMD:C_0603_1608Metric","1"
"C10","100nF","Capacitor_SMD:C_0603_1608Metric","1"
"C11","10uF","Capacitor_SMD:C_0603_1608Metric","1"
"C13","10uF/25V","Capacitor_SMD:C_0603_1608Metric","1"
"C14","10uF/50V","Capacitor_SMD:C_1206_3216Metric","1"
"C15","22uF/16V","Capacitor_SMD:C_0805_2012Metric","1"
"C16","100nF/50V","Capacitor_SMD:C_0805_2012Metric","1"
"D1","B5819W","Diode_SMD:D_SOD-123","1"
"D2","SMAJ16A","Diode_SMD:D_SMA","1"
"D3","B5819W","Diode_SMD:D_SOD-123","1"
"D6","GREEN","MotoRecoPico:LED-SideView-2.8x1.2","1"
"F1","1A hold","Fuse:Fuse_1206_3216Metric","1"
"J2","DM3AT-SF-PEJM5","Connector_Card:microSD_HC_Hirose_DM3AT-SF-PEJM5","1"
"J3","GT-502MGG-N","MotoRecoPico:GPS-5P-SMD-2.54","1"
"L1","6.8uH","MotoRecoPico:L_4030_HandSolder","1"
"Q1","MMBT3904","Package_TO_SOT_SMD:SOT-23","1"
"Q2","ZXMP6A17E6Q","Package_TO_SOT_SMD:TSOT-23-6_HandSoldering","1"
"R1","100k","Resistor_SMD:R_0603_1608Metric","1"
"R2","100k","Resistor_SMD:R_0603_1608Metric","1"
"R3","100k","Resistor_SMD:R_0603_1608Metric","1"
"R4","22k","Resistor_SMD:R_0603_1608Metric","1"
"R6","10k","Resistor_SMD:R_0603_1608Metric","1"
"R7","10k","Resistor_SMD:R_0603_1608Metric","1"
"R8","120","Resistor_SMD:R_0603_1608Metric","1"
"R10","10k","Resistor_SMD:R_0603_1608Metric","1"
"R11","10k","Resistor_SMD:R_0603_1608Metric","1"
"R12","10k","Resistor_SMD:R_0603_1608Metric","1"
"R13","10k","Resistor_SMD:R_0603_1608Metric","1"
"R14","1k","Resistor_SMD:R_0603_1608Metric","1"
"R15","10k","Resistor_SMD:R_0603_1608Metric","1"
"U2","MCP25625","Package_SO:SSOP-28_5.3x10.2mm_P0.65mm","1"
"U4","AP63205WU-7","Package_TO_SOT_SMD:TSOT-23-6_HandSoldering","1"
